Samples,140516bjlsa05_1,140516bjlsa49_1,140515bjlsa11_1,140516bjlsa03_1,140516bjlsa19_1,140516bjlsa23_1,140516bjlsa27_1,140517bjlsa36_1,140518bjlsa23_2,140518bjlsa32_1,140515bjlsa18_1,140515bjlsa25_1,140515bjlsa27_1,140515bjlsa42_1,140516bjlsa01_1,140516bjlsa08_1,140516bjlsa21_1,140516bjlsa41_1,140517bjlsa18_1,140517bjlsa25_1,140517bjlsa27_1,140517bjlsa40_1,140517bjlsa43_1,140518bjlsa19_2,140515bjlsa16_1,140515bjlsa22_1,140515bjlsa33_1,140515bjlsa47_1,140516bjlsa12_1,140516bjlsa34_1,140516bjlsa36_1,140516bjlsa43_1,140517bjlsa03_1,140517bjlsa34_1,140517bjlsa38_1,140518bjlsa08_1,140518bjlsa15_2,140518bjlsa21_2,140518bjlsa26_1,140518bjlsa28_1,140518bjlsa30_1,140516bjlsa25_1,140517bjlsa23_1,140515bjlsa05_1,140515bjlsa09_1,140517bjlsa29_1,140518bjlsa01_1,140518bjlsa04_1,140518bjlsa06_1,140518bjlsa10_1,140518bjlsa17_2,140515bjlsa07_1,140515bjlsa14_1,140515bjlsa20_1,140515bjlsa31_1,140515bjlsa44_1,140515bjlsa49_1,140516bjlsa14_1,140516bjlsa16_1,140516bjlsa32_1,140516bjlsa45_1,140517bjlsa12_1,140517bjlsa16_1,140517bjlsa49_1,140518bjlsa12_1,140515bjlsa03_1,140515bjlsa29_1,140515bjlsa36_1,140515bjlsa38_1,140515bjlsa40_1,140516bjlsa10_1,140516bjlsa30_1,140516bjlsa38_1,140517bjlsa01_1,140517bjlsa05_1,140517bjlsa07_1,140517bjlsa10_1,140517bjlsa14_1,140517bjlsa21_1,140517bjlsa32_1,140517bjlsa45_1,140517bjlsa47_1
1_5-anhydroglucitol,9483,27468,13976,19449,17209,22460,11747,24730,34209,10205,23814,30032,24920,15060,835,44767,22678,23918,27080,18520,17693,38226,26373,5115,17999,15797,20374,34128,5222,14488,19570,25038,13688,8183,24226,30755,27911,11623,21704,24666,25268,17971,17341,18517,9159,17266,18548,20337,25886,16813,19351,18764,15281,24373,26938,20128,14250,30521,41893,21119,7253,30389,26208,2978,19851,24807,47350,19707,24680,24352,21147,22826,23353,43400,23053,20703,5100,25149,24181,23848,13848,19669
1-monostearin,103,207,86,178,258,179,301,114,114,485,189,173,145,320,9393,760,156,30,110,128,141,92,59,211,218,112,90,130,146,18140,227,190,32821,147,185,153,127,187,196,103,144,107,203,176,188,130,253,224,175,165,76,138,145,190,150,330,153,177,222,128,90,115,153,192,145,267,170,119,114,160,77,86,219,155,248,119,184,184,142,118,97,187
2_3-dihydroxybutanoic acid NIST,101,155,78,104,103,142,85,49,127,152,85,78,89,117,50,147,113,216,121,101,186,105,102,212,143,70,109,129,94,140,87,148,100,143,100,79,53,98,109,123,207,172,50,126,82,129,112,64,153,68,174,152,80,82,59,97,65,99,120,86,99,121,107,99,160,127,61,122,136,117,135,64,142,68,126,116,145,154,135,65,65,177
2_4-diaminobutyric acid,963,335,176,467,979,1331,919,309,557,941,333,523,561,608,432,406,971,949,592,861,685,254,526,643,219,218,778,648,538,877,761,1253,271,275,254,617,314,919,861,2013,1110,1525,898,262,167,795,619,682,572,491,699,116,328,283,373,660,533,1426,1008,1197,990,642,925,358,281,109,614,590,592,566,412,534,1522,560,276,240,446,444,786,132,881,450
2-deoxyerythritol,389,227,152,270,314,370,156,217,1126,572,344,480,188,353,198,369,208,142,217,421,547,90,100,444,441,116,623,1222,244,476,133,521,533,349,477,93,81,198,233,762,223,130,164,669,302,473,663,294,389,443,605,295,149,120,581,197,293,776,509,112,656,310,200,152,480,451,101,251,261,552,194,238,311,382,124,110,275,142,226,352,444,166
2-deoxytetronic acid,123,178,83,157,211,231,120,125,415,560,169,190,171,246,87,222,148,418,88,221,267,126,150,498,292,96,187,110,283,79,538,349,55,141,240,191,173,207,125,446,408,185,113,142,66,109,199,147,204,156,93,156,154,156,175,168,216,172,597,173,232,54,149,266,198,221,199,199,140,258,72,25,66,258,124,115,318,244,146,294,122,171
2-hydroxybutanoic acid,20744,8611,22792,29418,16713,11962,17109,15217,14076,7906,5525,13548,18851,15093,15489,8692,11653,14006,10032,27517,14333,21269,15664,14342,24486,14716,19850,6766,6316,13292,23214,7100,7441,14178,24424,10340,20483,8980,12366,7642,26437,9618,9983,8174,12889,13398,6883,17786,19071,11992,13285,9033,21818,18233,15779,22767,23349,9438,13209,18949,7584,4736,26777,30346,5636,17207,8358,50665,16394,16081,16992,17243,14687,9387,22109,17144,23963,20728,10688,10077,14869,14464
2-hydroxyglutaric acid,139,78,92,123,76,129,41,55,93,91,74,66,948,101,34,116,78,92,67,31,86,75,107,99,128,90,120,118,83,1303,41,71,58,59,109,2592,156,94,51,120,95,85,47,123,38,5403,120,88,59,132,2588,57,93,143,146,37,43,122,134,68,54,65,87,135,117,144,117,83,144,122,60,46,73,67,59,57,67,51,64,42,75,23
2-hydroxyhippuric acid,36,91,97,92,42,48,398,36,64,39,50,45,28,64,54,80,64,32,304,56,56,36,30,91,62,67,59,19,1218,41,54,178,1605,485,363,46,115,26,53,718,68,35,39,102,42,58,124,59,82,80,41,38,60,72,222,45,36,57,54,60,47,50,41,47,110,71,70,33,61,160,62,38,66,78,84,27,542,128,59,56,203,258
2-hydroxyvaleric acid,955,103,1010,289,1126,650,760,903,1243,722,1508,2478,997,2714,614,833,620,711,1120,969,1261,793,508,5540,1076,714,654,753,1016,729,560,336,1561,1105,1659,1431,1841,1022,907,711,1390,542,457,788,610,856,834,741,598,1159,1188,751,1175,814,808,897,1103,1078,1614,1055,1331,886,1149,936,761,1759,398,286,1860,1303,564,188,1337,747,184,676,888,186,80,867,1104,984
2-ketoglucose dimethylacetal NIST,79,73,97,71,139,73,97,141,133,52,93,76,133,130,108,91,98,83,181,88,85,100,145,240,120,135,57,128,76,97,67,96,83,124,66,173,75,191,52,58,30,129,45,113,99,197,113,128,81,344,305,115,115,154,91,65,76,110,61,82,97,125,62,186,51,141,63,55,214,89,67,103,107,173,130,73,79,34,64,124,235,134
2-ketoisocaproic acid,6387,5609,7600,3388,6833,3400,7254,6692,4342,4488,4354,5866,8098,6580,5084,7080,8122,6503,5497,6702,5750,5889,7792,4925,6340,5491,5416,5018,1989,5977,3223,3693,3827,5203,6621,6230,5658,4638,6556,4417,4540,5705,4793,5374,5833,7243,4220,4715,3788,5659,6774,3444,7075,5976,7748,6188,7174,10087,4057,6780,6501,4299,11709,5517,4332,7230,3170,10645,7577,5678,6856,7337,8088,4255,7040,6907,6155,6782,3978,5131,5639,4423
3-(3-hydroxyphenyl)propionic acid,65,112,139,68,679,142,80,76,146,172,101,72,71,67,178,257,59,113,88,112,69,66,53,71,76,97,103,55,72,45,89,107,137,62,109,67,89,42,45,125,84,130,134,127,61,109,102,95,85,40,86,552,72,741,62,143,87,179,283,71,53,81,190,356,147,60,143,122,111,64,217,277,56,88,44,309,122,76,68,123,73,43
3-aminoisobutyric acid,290,861,331,2141,1098,856,362,861,550,714,766,704,484,1014,244,272,499,614,801,596,757,1069,533,1227,813,812,171,268,290,1292,339,798,551,928,1368,316,331,381,429,702,1516,882,835,1084,567,824,1058,495,535,504,636,524,452,789,384,753,499,522,1191,639,710,426,960,253,248,746,366,973,595,1182,286,387,700,2012,875,465,730,907,416,875,337,213
3-hydroxybutanoic acid,1153,384,917,465,1487,496,739,608,617,472,612,539,817,830,658,509,554,183,425,764,813,960,472,668,1162,436,673,288,345,548,1054,543,943,1056,831,608,890,665,857,546,1239,506,627,573,693,702,515,795,845,651,1001,366,866,721,1179,1964,872,734,1089,477,1135,556,1280,1033,524,1140,388,1591,976,843,1202,951,1100,391,1166,841,1237,937,275,610,503,744
3-hydroxybutyric acid,2318,1624,3997,33679,5414,3153,2385,7897,1684,2429,1940,14343,17349,12744,1881,5114,1862,786,1937,4205,10988,4408,10548,54539,85879,6710,7518,1120,3705,37219,108643,1486,2291,6798,41170,5259,7152,1829,2219,1726,131701,3492,2975,5766,2681,2121,5371,12892,29494,1981,2177,1982,7708,13362,4974,42906,7889,16517,9409,3691,3123,1803,38433,18014,3177,6167,1409,50787,6205,14095,3983,4170,6030,26480,4198,3787,4623,4071,3611,4579,2615,3918
3-phosphoglycerate,62,162,110,120,139,146,66,30,116,125,115,140,60,91,106,535,122,57,93,101,83,101,173,55,161,211,190,72,154,85,119,83,140,53,77,126,358,78,167,64,62,68,73,74,107,90,77,106,111,54,100,33,46,65,83,31,50,58,65,90,54,48,107,41,67,78,41,41,78,33,47,58,74,211,62,49,57,34,122,64,42,46
5-hydroxynorvaline NIST,83,88,161,100,370,577,53,226,130,85,130,217,169,524,79,174,97,83,126,54,179,90,46,108,88,130,112,139,132,403,58,357,65,201,186,303,80,430,61,252,97,386,388,308,181,236,316,201,169,208,260,309,125,298,226,264,117,979,224,216,473,327,230,124,797,346,121,129,298,296,185,169,275,193,189,148,138,171,185,203,92,145
5-methoxytryptamine,363,65,207,87,202,69,498,121,76,68,157,111,199,115,229,472,445,481,447,213,521,534,737,76,684,365,57,61,476,252,518,266,444,84,207,53,578,41,480,154,69,76,58,114,165,299,48,54,70,60,231,88,51,67,76,72,49,48,153,162,77,69,100,37,112,27,78,68,57,68,74,79,49,127,70,72,115,47,199,53,95,75
acetoacetate,418,414,338,454,329,445,311,163,374,296,409,484,399,560,286,447,388,576,324,431,400,131,141,1437,313,356,525,298,153,979,2008,412,205,210,430,348,288,158,328,695,632,505,328,474,511,388,203,362,333,279,245,335,346,503,445,514,306,644,803,666,282,457,845,122,442,486,544,481,559,454,631,447,785,1736,379,428,472,372,373,378,370,226
aconitic acid,97,191,118,147,174,153,101,96,186,189,108,103,94,149,144,207,116,115,133,104,179,110,210,286,96,149,153,87,111,117,153,153,91,128,177,141,125,93,123,167,128,142,121,196,172,162,177,143,121,141,130,152,93,114,125,103,99,184,277,108,109,67,154,144,198,172,171,136,143,143,146,118,142,230,166,175,135,115,106,112,110,143
adenosine-5-monophosphate,210,148,731,311,313,502,921,67,111,787,347,631,225,215,490,1007,687,196,358,301,414,857,696,157,868,1061,361,219,385,152,657,324,280,314,212,482,1368,529,416,169,185,173,194,91,289,245,91,160,575,361,358,51,62,148,231,62,21,134,145,174,99,93,125,74,277,102,88,65,72,52,68,71,73,164,53,72,76,79,184,75,99,83
alanine,190781,218774,239741,99474,238858,279729,203213,257255,170193,234940,181758,244132,166642,113683,211497,148342,214850,191977,155820,218316,156079,215961,113302,131818,147058,236310,126898,218332,336991,199911,134116,209897,153444,148370,133491,184773,164400,187363,208126,242822,76301,239360,229418,193548,231540,203864,161209,153942,148254,181025,204491,285914,174886,177496,321004,149453,185735,144656,82653,228355,199281,159885,169591,98686,225601,201035,216890,150113,203825,208023,228855,226479,186333,180613,254081,227484,212762,251794,184284,174790,241470,204091
alloxanoic acid NIST,153,113,64,86,218,361,205,33,471,272,95,99,106,116,73,155,175,275,123,114,117,93,109,412,75,79,147,84,176,263,198,355,69,58,58,256,237,444,258,476,263,279,188,65,94,92,162,247,207,177,484,90,78,119,99,147,105,350,216,322,208,139,259,90,143,56,113,71,126,139,108,85,295,87,76,58,76,104,139,267,497,128
alpha-ketoglutarate,386,255,363,203,291,508,479,289,453,427,210,292,292,171,230,516,274,386,405,431,260,413,498,356,603,194,400,202,135,292,334,352,398,176,267,171,1098,416,252,520,307,390,227,312,193,344,145,150,127,150,407,178,181,194,269,185,136,666,522,297,219,254,397,197,283,177,241,176,203,230,311,320,305,350,307,294,358,269,219,425,292,163
aminomalonate,894,1043,763,1027,2760,2198,1302,1609,2245,2163,1407,1235,1199,1204,1363,2247,1464,2254,1413,991,1096,957,1480,1744,832,1085,1467,2730,1809,1883,1320,2072,841,702,1017,1376,998,1660,1417,2463,1011,2607,1533,1961,925,1406,3700,3201,1778,1167,1806,1076,1585,853,1202,1065,2062,5166,2009,2081,2058,1149,1147,514,1548,686,1689,912,1142,1302,1829,2069,1433,1545,982,1187,1009,1085,1350,1387,2073,863
arabitol,36,324,400,223,366,828,615,1252,278,400,579,170,364,220,218,217,215,486,383,134,283,293,257,1853,463,142,524,275,439,217,369,2133,187,192,284,112,174,261,927,898,302,1493,1472,487,305,366,591,128,87,365,398,1454,351,140,256,466,348,190,1021,94,170,137,153,216,163,175,1640,372,167,241,240,206,112,260,293,188,142,366,359,453,1450,222
arachidic acid,2294,2258,2417,3927,3156,2353,2330,3174,1487,1566,2696,2802,3021,2189,2925,4547,3160,3062,3369,2371,1185,2254,3056,2033,2771,2995,1213,2738,1326,3170,2429,1019,715,2875,2557,2409,1879,2204,1433,2346,1751,2839,2742,3571,1860,2030,3161,2890,2404,1775,1652,3198,2291,4101,2164,2307,2189,4111,4905,2498,1513,3107,2548,2619,2806,3862,2638,2532,2930,2230,2623,2051,1091,4891,2370,2442,2352,1025,1896,1408,2696,1326
arachidonic acid,234,296,682,627,368,473,172,841,518,479,423,286,690,346,173,373,217,263,417,391,300,324,644,689,328,707,305,428,120,463,630,266,230,337,638,2638,379,312,72,253,301,563,528,494,351,218,1614,1541,1526,1131,247,717,447,590,550,639,352,362,404,325,148,198,449,854,212,631,346,797,414,388,335,234,341,364,303,338,269,473,199,316,568,1146
asparagine,873,1281,1203,1098,1082,797,715,977,630,736,915,887,1153,995,914,656,580,925,812,932,955,610,605,671,662,835,1442,1288,640,1083,361,706,818,1007,1070,871,416,629,1492,1111,622,1080,985,1496,1781,1137,776,847,761,677,714,1427,1484,1056,1334,689,1185,1461,878,877,903,1098,1402,693,1077,1209,1427,1619,1217,971,1407,1054,1045,1731,1247,1430,733,1227,860,959,617,623
aspartic acid,664,770,710,558,661,813,1913,368,414,663,1021,832,611,994,833,1365,1190,701,598,669,601,1248,571,443,836,606,523,692,810,442,590,736,1172,460,497,598,1126,994,1496,641,677,975,1159,498,660,509,455,448,787,493,657,288,274,609,410,377,278,551,746,684,634,420,488,535,454,542,523,455,396,503,356,354,675,575,614,397,522,424,449,509,466,666
azelaic acid,76,102,56,74,35,64,78,33,107,88,86,43,74,55,65,96,66,83,71,57,73,73,67,68,61,67,121,24,72,55,70,79,75,77,96,45,65,36,55,95,32,31,104,50,60,77,86,67,65,66,87,70,31,69,52,61,75,53,109,64,37,99,54,33,44,74,53,56,94,68,58,25,89,71,67,59,42,42,53,69,59,79
behenic acid,311,252,311,529,415,425,285,313,485,235,455,243,333,262,447,672,404,380,308,277,300,254,634,279,351,442,392,352,277,536,437,394,391,224,419,380,291,395,262,356,277,449,461,553,528,405,477,488,451,321,343,431,259,412,289,384,397,491,2960,364,337,280,295,256,599,404,437,358,319,362,294,258,507,444,436,303,259,323,263,356,365,451
benzoic acid,1414,1750,1740,2605,1457,1737,1430,1444,2225,1563,2302,1616,2240,1868,1633,1831,1633,1895,1350,1641,1584,1422,1429,1921,1399,1833,2097,1533,1747,1936,2097,1752,1172,1762,2043,2402,1891,2099,1655,2195,2353,1727,1895,2211,1711,2443,2620,2752,2947,2645,2091,2028,1741,1815,2539,2342,2187,2115,2298,1692,2342,1898,1915,1990,1702,2051,2034,1791,3090,1519,1636,2046,1839,1646,1436,1829,1534,1684,1513,2531,2292,2812
beta-alanine,697,195,261,213,707,414,1420,156,379,303,222,323,184,665,527,113,990,230,225,480,247,393,268,573,324,368,281,214,228,273,236,678,439,430,238,257,467,251,281,438,227,265,232,355,221,386,416,290,176,399,513,216,322,317,243,143,297,120,310,237,388,270,224,195,160,289,313,396,298,323,312,344,256,231,335,394,161,284,311,319,342,219
butane-2_3-diol NIST,374,274,84,238,227,214,335,148,964,657,172,134,181,160,132,2808,277,289,268,226,692,79,149,88,152,133,149,137,739,542,396,377,655,914,220,61,88,197,276,680,78,218,216,324,184,797,103,132,79,75,571,178,144,162,147,166,162,1130,588,159,363,592,199,74,540,156,208,136,159,147,373,382,370,407,398,303,82,400,157,524,315,105
butyrolactam NIST,177,132,82,252,96,119,113,102,151,146,156,96,77,126,95,165,134,126,84,134,136,128,98,505,794,75,73,96,70,371,943,115,49,96,457,106,151,190,151,272,1041,148,159,71,132,170,167,106,394,97,192,157,106,76,85,171,61,110,366,135,127,64,405,100,84,186,143,634,131,97,137,148,161,108,120,89,114,90,50,158,113,88
capric acid,219,253,250,278,278,226,231,436,317,486,183,200,306,191,175,304,293,233,253,226,178,201,369,180,138,213,380,164,218,374,443,262,247,300,160,240,217,242,283,346,341,300,242,234,169,293,229,215,210,101,173,336,280,195,332,304,294,348,201,204,282,234,266,199,161,246,213,326,225,109,368,366,343,195,283,373,188,231,154,304,312,209
caprylic acid,496,479,431,813,442,511,286,529,932,715,539,507,568,897,475,496,440,736,528,644,520,403,558,584,567,507,1021,352,574,1580,756,558,367,479,626,811,560,1003,679,574,623,545,660,588,465,1125,650,805,668,660,619,625,579,491,747,1411,677,537,527,528,1998,582,765,534,467,599,492,508,959,477,500,1614,852,519,389,546,333,421,444,892,586,692
cellobiose,398,401,240,69,127,238,141,69,177,163,726,118,116,420,127,176,160,96,89,107,197,82,112,1038,215,72,118,100,1195,142,69,462,70,102,151,95,130,963,96,222,225,151,129,441,133,113,155,113,101,127,133,115,116,116,80,117,72,109,388,143,241,230,93,323,567,186,71,201,116,803,78,75,132,152,226,105,221,214,127,192,130,552
cholesterol,104730,106616,142451,116450,80612,105291,126330,73050,68554,54037,160085,127929,113778,81586,88747,129777,131951,102768,95509,79654,68009,127490,103802,64925,82142,157261,185827,90202,83017,79958,145600,88966,87092,75173,103771,105988,62705,68456,49787,87679,63059,102517,122413,128378,103216,83287,120625,147706,118514,137488,64534,156190,149252,148956,95570,99628,146248,101026,127689,95701,70254,93315,86533,126891,66311,146816,134322,92824,116435,70283,93208,78241,97785,96724,97973,99655,95258,91298,75651,93768,89305,101206
citric acid,9739,18654,12360,14552,18412,26732,13671,21582,27657,28789,16669,15916,22100,15307,10555,26812,13030,20118,18023,13676,21891,13835,15812,30194,12844,19690,27197,16573,9455,23826,18358,18465,6517,16104,17582,26787,10295,15219,17549,36661,14939,21676,20652,21025,22070,14857,21375,22217,34492,14669,16428,16693,18213,19573,18544,15133,16949,20502,20024,15858,14882,13889,19501,18901,27344,20061,17572,15000,20296,19120,19018,20311,19841,29465,13786,18907,18123,14918,17153,18550,24622,17338
citrulline,560,868,488,357,892,456,440,609,461,458,1308,201,523,1099,485,602,519,524,486,340,603,356,396,543,299,555,1263,675,212,779,253,396,419,628,719,400,246,418,357,1110,581,790,654,778,677,723,651,281,426,403,488,611,855,686,662,912,805,2054,1077,840,592,1060,953,451,564,810,771,877,1000,1300,894,707,1156,1009,676,757,402,683,535,937,304,362
conduritol-beta-epoxide,78,67,55,944,381,84,72,154,1936,573,101,120,74,63,111,226,837,2568,34,81,35,48,123,136,33,70,91,75,87,70,73,636,1518,2397,2052,70,61,72,52,324,91,69,78,128,119,105,59,154,112,90,76,43,86,75,42,68,109,93,203,80,791,132,74,213,212,99,78,71,150,247,119,140,114,54,93,126,89,73,273,108,990,87
creatinine,3139,3888,6850,5640,3809,1760,1738,3390,2288,1374,5973,2951,3127,5931,4327,2313,1703,1745,2858,4053,3314,3919,2319,4386,4782,4564,3891,2811,2187,1368,1378,2528,7001,6057,12118,945,1129,840,1446,669,2509,1889,2999,9823,3485,3834,2770,1925,1661,1703,1223,11593,6624,4520,2944,2889,5405,1521,3656,1280,1840,3566,2966,2625,2412,7651,3890,5934,5438,3362,4348,2368,1971,4850,5965,6637,4339,5125,3166,1425,413,2564
cysteine,839,1237,672,891,1138,896,1484,1671,397,838,533,1102,770,565,800,3587,1017,1296,1063,1201,2204,1294,981,243,523,855,1435,734,533,1130,689,989,2105,1216,964,972,351,842,640,948,417,1027,999,524,445,1045,450,750,883,2047,273,761,560,331,841,528,581,1139,527,944,804,1208,1002,595,538,2988,688,455,629,388,1062,1112,1201,3718,1844,1489,1035,1093,1487,1795,2230,635
cysteine-glycine,95,233,120,237,153,219,176,231,94,238,154,203,182,125,201,535,257,143,325,211,334,264,397,89,222,174,188,195,134,148,164,103,412,160,116,255,170,79,144,225,91,222,206,191,94,161,266,222,141,170,94,149,158,160,214,108,118,193,108,131,125,177,163,115,158,145,98,88,149,92,196,153,205,385,271,147,118,213,293,195,140,134
cystine,6632,11028,4591,7433,8655,14274,5241,7468,12956,6150,7659,6242,7313,8864,4726,9784,7926,13314,6782,8138,6277,5545,3269,6713,2598,5891,9248,2289,8009,15643,7853,11124,10053,10127,7611,6785,861,4423,7308,8417,13550,12951,9567,10183,6033,4518,9685,6472,10721,4969,5451,9714,8488,9554,6245,7373,7412,11266,17917,13885,7929,8335,9976,8024,10269,7945,8047,6771,8381,10400,10844,9808,11876,14803,18088,11459,11386,13752,8333,7472,5567,7502
dehydroascorbic acid,222,405,271,346,400,385,265,421,645,218,416,576,405,314,111,840,480,468,513,351,332,692,545,332,347,302,373,596,152,290,469,573,291,140,479,610,584,288,437,507,459,399,319,408,215,313,389,433,571,338,412,334,311,376,504,453,273,583,847,438,129,611,462,190,414,475,848,376,424,458,384,431,425,731,408,374,133,464,490,391,362,418
deoxypentitol,251,233,348,171,153,206,470,6,170,217,250,265,278,341,321,333,257,268,264,270,379,258,272,308,440,194,179,25,258,145,234,114,431,232,148,165,309,312,125,216,278,217,183,87,181,176,134,112,194,107,189,131,171,202,183,195,157,157,207,470,192,265,225,304,24,240,280,175,216,499,215,196,229,105,331,227,325,355,244,206,140,472
diglycerol,790,308,731,496,283,757,414,500,557,472,348,241,566,367,514,781,399,1074,447,391,833,601,432,322,554,588,775,622,900,174,357,338,353,385,370,1646,471,569,400,688,1147,442,462,508,630,425,2003,1732,1279,1473,387,574,535,540,471,423,575,516,515,598,267,269,408,998,578,453,563,455,415,300,455,262,378,929,444,407,358,421,207,462,674,1178
dodecanol,101,105,111,139,114,152,88,91,189,128,86,110,76,109,76,158,122,140,84,81,112,95,150,111,64,84,141,92,70,105,151,121,91,87,148,131,117,162,100,112,138,130,80,122,121,109,139,152,134,103,177,127,94,178,102,108,86,154,139,123,80,118,114,119,97,133,154,125,122,88,102,109,109,103,99,107,78,130,115,145,112,153
epsilon-caprolactam,396,423,1182,460,745,1341,216,352,666,293,380,568,275,893,277,1714,1382,885,703,436,1180,651,497,482,819,493,1090,218,229,732,385,598,396,389,468,818,578,429,282,998,398,1117,822,447,1244,867,575,273,446,423,429,786,692,941,342,789,355,209,948,1114,483,449,654,670,389,1119,1011,812,453,1265,334,416,515,467,416,382,245,381,812,517,278,484
erythritol,1046,1585,1114,796,1292,1864,641,1130,2831,1491,1046,1257,942,1870,1145,1378,1102,1521,1124,1212,2131,952,697,5725,2434,815,1331,1201,404,1459,639,22646,809,1380,1425,955,722,2704,1253,1665,2039,1370,1312,2139,883,1269,2366,1043,1115,1301,1578,1068,17121,780,1700,1847,16513,1126,1447,800,1533,1198,691,1109,1715,1130,1959,554,1101,2048,1053,1182,862,1410,1527,996,1483,1029,1897,1948,1411,1433
fructose,10681,5463,2820,3931,427,953,431,1678,4581,3338,3516,2383,2885,2291,7088,6288,663,11422,622,1017,709,923,785,239,1379,2814,7131,5861,5285,692,978,2733,1077,429,702,31181,1008,1484,4085,947,278,180,389,3066,2058,747,22643,26029,36415,35972,903,4545,3326,1585,2570,2891,2626,438,1397,339,675,270,353,82080,1721,2825,15651,1989,3355,2770,1114,2013,778,521,428,1143,505,361,564,1783,575,46686
fucose,378,416,801,529,286,748,335,637,1144,509,1035,641,691,403,525,973,392,659,568,372,476,468,340,831,752,412,1094,490,633,412,346,685,264,490,392,390,562,542,478,683,371,772,915,886,452,546,765,433,476,348,461,686,449,632,547,541,360,1004,1090,462,793,362,436,869,576,444,614,365,395,641,416,437,322,846,542,442,523,585,445,502,927,629
fumaric acid,144,160,179,209,159,90,75,170,231,119,146,138,129,98,132,130,125,107,167,176,222,177,278,146,213,121,148,105,77,97,90,148,93,170,212,174,165,130,134,180,142,113,139,208,246,99,215,159,165,126,186,136,145,192,163,180,96,160,140,141,131,125,179,160,160,124,158,151,150,197,145,112,110,224,115,159,151,130,139,147,239,172
galactinol,69,400,34,88,31,63,29,49,71,53,75,51,56,40,36,64,38,81,22,83,60,41,43,53,67,239,54,39,54,48,71,54,35,34,62,37,69,26,49,84,53,55,33,78,48,57,76,57,59,45,57,93,65,93,49,87,51,55,65,64,34,59,91,40,54,87,67,47,76,43,144,146,43,38,58,187,26,61,74,59,32,42
galactitol,103,17993,197,94,112,304,204,1115,367,265,298,137,218,257,289,324,162,340,1191,1004,2220,247,220,1082,152,275,760,231,124,237,271,399,1139,7499,225,167,231,336,250,204,166,167,1118,150,109,1576,125,165,288,186,219,155,168,168,194,398,188,113,293,213,164,896,1504,395,226,236,243,129,211,193,202,19695,225,765,1487,17289,3688,1552,1793,1173,195,286
glucoheptulose,33,75,155,124,64,48,42,65,188,111,140,74,120,149,133,95,100,106,48,38,64,64,70,72,70,90,114,169,82,90,77,92,59,38,102,83,74,95,87,132,79,59,60,152,179,80,93,84,83,102,62,87,148,133,55,134,132,141,108,107,63,80,65,94,146,155,56,117,203,81,78,110,67,55,76,79,66,64,94,102,324,124
gluconic acid,142,148,85,121,213,173,76,48,75,53,61,50,96,101,118,181,127,131,83,106,91,40,48,97,111,50,89,196,448,123,110,320,97,72,49,40,59,72,61,115,718,134,157,150,97,138,91,101,90,58,81,76,74,156,88,56,84,131,171,121,108,140,159,65,85,126,79,71,128,93,160,192,123,181,157,139,219,170,243,158,108,61
glucose,217561,248682,187220,249536,155068,207341,141169,214003,353884,155085,227152,133340,217614,185967,302238,276415,169812,353269,205595,207267,91447,174638,141715,320485,19288,192006,315743,207962,307701,202306,218388,211268,112437,229298,267852,198079,153015,276711,220177,219639,141346,227596,237394,181100,185841,249029,175210,206151,261887,240324,271087,205714,225756,186814,195599,249100,212802,209055,275924,275316,194220,203432,216902,473655,201567,264893,183517,181964,265060,212761,164617,171878,242827,275045,242190,164198,310807,249080,194192,267793,190430,290362
glutamic acid,5118,3638,8104,3106,3362,3978,10283,3157,2349,3883,6052,4743,5659,6372,8094,4960,6076,5424,5578,6122,6236,7165,6874,7029,10602,4415,3817,4786,5265,2494,4910,4515,10285,6946,1899,2897,6889,7400,6885,3010,4349,3482,3267,1667,2852,2819,2070,2168,3796,2488,3039,3439,3223,4557,3828,5061,3112,1489,4070,9823,2568,3550,4328,9022,3888,5242,4548,4147,5496,11056,3637,3707,5188,2840,6843,3257,6994,7535,4921,4213,4782,11332
glutamine,53047,101091,74284,105253,48574,59175,29382,24649,5562,12108,90606,50962,70135,82004,43063,51659,31332,75282,69142,54925,85064,9735,5506,5021,23031,74977,80204,117827,52188,98794,36184,30547,57722,17324,22014,12671,2624,7083,7927,15506,16595,113730,98244,91035,84630,86177,16443,4492,7568,5286,5842,90486,84803,79778,79629,54656,98415,132430,83992,74761,53520,112817,114715,11364,25620,96065,74129,70653,96195,82242,97956,76358,112325,171058,100079,101288,68471,101802,55222,117444,6569,9148
glyceric acid,889,1269,2274,820,1003,697,821,1423,2048,1610,1264,916,1639,801,1525,1447,1378,1295,1482,1166,1051,983,1466,694,2601,1261,1588,5045,1033,1264,956,1210,1216,1117,1232,3971,1912,1634,1591,2086,1619,1002,904,1590,1737,1259,2852,1078,1499,2275,3070,1094,1168,1093,960,1646,1128,2398,1671,816,1053,1253,1340,845,985,1751,981,1194,1484,1476,1912,2488,976,708,1328,1957,709,1288,823,1114,1747,1193
glycerol,10762,22513,28246,40863,24993,66611,16331,30342,32422,46342,12291,23118,18504,14794,10555,31176,10509,13802,15832,23135,14147,23728,19482,28491,13553,13625,25398,6139,6375,29544,61275,9950,16124,14215,20597,15174,10462,6628,11683,14270,13766,28760,27495,28858,18213,13433,26331,23918,28646,10768,14238,22387,12530,24275,26441,36816,13274,26600,24637,14665,12359,13233,15911,17291,12790,21753,13895,22397,20757,23308,37142,39994,16085,19177,11854,37087,12137,11398,8934,25621,14044,19021
glycerol-3-galactoside,209,183,110,92,440,297,167,445,213,396,156,58,126,229,51,236,131,197,78,174,119,108,56,204,121,77,193,135,275,237,119,377,406,137,176,69,68,134,206,171,204,169,136,400,424,179,296,194,229,187,223,131,275,136,87,169,200,214,301,219,292,390,167,135,311,196,118,254,206,314,221,251,240,220,197,235,185,188,233,111,147,233
glycerol-alpha-phosphate,26,124,211,63,121,131,122,124,49,65,171,163,228,154,144,259,133,76,106,95,82,223,152,99,178,154,193,150,79,65,106,96,156,79,121,575,137,92,142,172,95,131,126,159,175,149,656,594,334,560,166,202,148,126,138,114,157,158,109,108,136,127,89,325,177,109,117,109,125,138,115,133,112,108,116,82,61,115,119,128,172,402
glycine,10177,19299,27372,15157,23708,23570,15741,41098,21463,22743,25272,18953,15686,13581,17155,18261,16384,16663,16549,12730,15973,26492,21438,21243,21820,24484,20533,20102,24330,15329,15065,25575,20806,21490,26302,18711,13515,19470,15280,23881,14004,20379,22063,75678,34991,16364,38870,30500,22559,16705,20444,53168,26094,15370,19080,11507,24522,31539,17165,16616,18767,18272,16141,8844,13800,36406,21515,10806,14379,14662,12869,14033,14025,37240,21009,18195,13139,16435,16996,18564,21499,14204
glycolic acid,773,829,862,1210,776,610,727,718,1263,648,1120,1050,1582,1426,932,945,467,705,740,781,859,1007,636,970,722,782,1128,932,572,1191,726,766,988,703,630,1055,982,723,710,1304,748,806,860,1039,831,1361,1000,742,838,1089,1107,768,700,993,1205,1200,787,994,911,678,820,687,665,477,701,1146,895,807,1047,866,680,925,912,820,836,805,587,558,887,867,777,903
heptadecanoic acid,1063,915,1682,1932,1204,1445,1102,1550,1317,921,1128,1224,1810,1476,1400,1793,1354,1204,1358,1356,1070,1373,2321,1518,1656,1364,1053,1161,999,2389,1770,1055,1693,1274,1980,1506,908,1085,679,999,1040,1510,1457,1519,1159,900,1470,1466,1609,913,877,1272,1232,2396,1205,1684,1389,1454,1985,1549,1219,1235,1803,1452,778,1844,1162,2200,1579,1515,1331,1180,1685,1428,1391,1357,1180,1239,881,1366,1301,1013
hexitol,388,319,165,164,541,2272,188,344,2026,1061,316,136,254,159,304,229,537,416,581,381,640,216,163,417,1096,375,259,161,324,640,228,1317,608,534,1035,550,298,262,259,651,241,2711,209,2215,373,1255,2169,488,357,1214,1443,345,303,168,397,265,250,1117,389,2533,1334,405,539,8899,203,932,1278,635,955,589,732,127,888,297,86,286,202,491,240,592,747,2539
hexuronic acid,274,1139,869,823,933,947,406,616,1129,1136,698,690,774,1735,1605,830,334,671,630,802,744,619,380,6277,1018,634,3158,1034,3219,573,397,2061,543,932,786,641,1169,994,883,1051,2138,873,885,1017,1497,664,897,609,1017,649,608,1145,757,831,861,889,754,667,7069,729,737,715,462,1161,1333,1002,1049,663,1058,1030,568,598,610,570,707,610,772,769,880,1027,566,1109
hippuric acid,233,811,130,559,2275,191,61,461,1182,984,241,965,138,483,1076,312,298,606,549,131,107,155,839,1323,236,529,104,376,602,218,77,1594,646,632,948,167,881,369,271,193,117,310,241,259,242,182,425,1356,2037,1890,206,1788,505,1135,114,509,82,374,227,171,102,137,932,473,1950,251,2307,245,94,122,621,681,187,1403,743,610,250,139,497,2904,647,393
histidine,11391,9362,9687,7117,6674,4002,5858,12548,6983,9892,8542,7535,10099,3927,5278,10328,3685,6643,17507,7243,13762,5496,3520,3457,4043,5187,11117,13893,11063,8885,5588,2830,13933,7518,15787,2836,3061,5605,8737,12219,14667,9579,9971,10243,5293,8949,3258,2088,3396,3218,1931,3341,13119,4262,4935,9154,5208,9269,12420,14864,10330,10788,25299,797,7915,10206,9432,5143,10610,9676,8427,5822,8071,10842,22211,9644,14802,15101,11148,16531,8113,3199
hydroxycarbamate NIST,469,409,220,550,452,698,380,275,824,496,404,259,450,483,356,540,595,684,358,380,374,264,493,539,223,255,479,359,362,371,537,568,189,233,398,481,480,461,466,724,610,656,540,299,241,553,511,660,532,469,568,232,375,491,301,489,383,644,842,509,439,380,390,337,489,236,398,406,591,309,424,371,624,281,231,377,300,327,417,605,619,443
hydroxylamine,1638,1785,799,2124,985,2305,889,581,2870,940,1495,1291,1655,2420,1327,1698,1646,1639,1112,1863,1722,962,1468,2326,633,912,1914,1031,1596,1627,2161,2201,806,1009,1447,2110,1503,1709,1873,2556,1764,2748,2378,1640,942,1806,2385,1811,2302,2230,2176,968,1730,1839,1534,1721,1686,1272,2911,1569,1420,1706,1580,1734,1770,1143,788,1639,2938,1546,1263,1195,440,1323,1314,1369,1138,1582,1520,3268,2062,1688
hypoxanthine,399,590,255,698,365,420,567,207,395,276,384,77,678,211,559,536,277,251,515,566,127,124,114,291,145,234,313,261,519,322,331,971,269,133,174,519,212,537,412,457,581,286,194,154,179,151,145,209,209,173,432,337,75,275,366,153,84,290,212,311,323,369,293,162,246,229,128,122,282,262,290,288,221,310,142,268,387,185,1353,183,228,138
indole-3-acetate,476,490,227,264,648,200,562,452,637,661,1744,217,318,186,660,585,774,704,1190,359,611,2297,323,327,1624,705,593,768,545,389,192,448,2461,554,702,338,686,1357,741,673,1038,395,547,617,246,1055,583,287,488,952,976,952,738,374,524,876,644,471,996,543,341,570,502,528,4009,489,440,1314,502,703,918,918,402,695,682,945,448,734,842,712,437,521
indole-3-lactate,358,298,438,229,722,342,245,448,412,418,518,455,519,663,415,788,281,349,464,327,774,354,236,655,580,477,661,614,532,269,155,437,339,628,764,235,333,634,345,630,555,391,462,567,172,595,552,441,359,502,467,794,546,365,701,366,542,598,818,794,750,617,406,338,640,571,430,383,570,419,286,211,576,315,368,277,912,403,354,441,434,551
indoxyl sulfate,102,133,72,41,148,105,50,111,63,172,118,72,50,81,90,103,49,69,104,62,178,41,67,306,219,43,114,56,216,75,73,175,40,71,135,49,80,102,63,110,225,69,128,114,52,164,93,92,63,63,71,113,100,109,111,97,89,108,208,46,99,119,71,70,75,113,94,71,158,139,70,92,160,102,149,115,117,121,86,147,80,112
inosine,37,33,34,69,22,60,56,25,85,43,41,51,22,40,30,54,54,79,36,40,77,40,36,37,50,56,88,35,45,48,51,35,45,66,64,51,43,50,27,60,53,45,54,68,52,84,69,41,49,34,49,58,62,93,40,69,49,42,69,45,32,84,70,47,101,85,49,45,57,60,59,54,55,72,52,34,1439,72,49,86,38,52
isocitric acid,322,494,393,356,698,691,359,429,663,775,430,469,486,384,313,601,312,379,430,404,643,363,428,1039,400,470,521,328,378,584,468,729,286,398,494,466,338,497,463,708,521,465,370,628,386,370,489,467,673,360,525,449,329,489,482,311,455,437,546,332,492,370,358,501,689,365,451,340,426,561,460,452,470,567,373,419,446,388,500,614,541,473
isoleucine,45549,39633,23972,25267,58364,24929,57782,29568,18946,23376,30067,31388,25135,61937,38183,26643,65325,28243,22573,34429,39722,44479,24358,39485,19227,28236,33861,27538,23735,34735,15886,32733,48118,44984,30484,29730,35465,49262,52292,28085,37763,32197,30290,21876,42791,48631,22114,30466,37966,46794,52324,17708,40774,28551,28287,33989,40717,40451,24226,31108,37855,32862,24304,27546,26535,28894,21774,56046,29796,33103,39442,42075,29653,22579,31839,40595,28116,32820,30583,28858,30460,37965
isothreonic acid,275,474,414,368,433,566,239,318,780,631,443,492,386,610,360,593,348,428,389,365,555,340,270,2925,656,314,465,499,796,446,345,1400,324,505,486,415,422,699,370,499,1230,452,451,485,290,271,609,377,483,442,315,418,403,211,337,413,384,444,661,244,479,368,251,468,515,303,703,228,304,558,344,417,285,424,430,336,397,471,537,689,508,561
lactamide,178,116,536,216,117,204,256,1331,1297,2125,275,642,460,167,225,226,159,136,150,242,280,3497,7283,676,1593,300,275,165,193,140,213,114,205,875,1116,1582,6751,1490,1681,1346,973,62,99,270,289,168,873,1302,1137,2093,2246,321,160,355,434,300,78,65,98,128,57,165,143,940,805,240,522,208,233,155,113,147,109,100,83,96,205,109,186,85,1467,1481
lactic acid,119698,135070,206030,164098,97686,171876,205724,93983,83800,156926,134425,263519,189947,42476,209181,144072,170496,108201,155194,242038,246383,230237,380046,45892,444545,125239,74485,126944,174420,122336,168162,93399,84442,54277,72135,111729,400314,101826,112737,98030,66364,46941,43898,65219,53955,142981,57098,87636,67490,145208,115538,89847,44531,109171,179714,103907,44415,63973,57954,82774,51579,159814,95569,66902,57070,68907,209253,50354,64534,57623,101056,107968,66666,50887,72887,96703,181063,66694,173299,81480,87170,91011
lauric acid,1363,1367,2993,2894,1689,3081,1432,4553,2127,3476,1912,2310,2585,3669,1180,3587,1531,1286,1967,3360,2609,2301,2108,1841,1807,2001,5048,1363,2334,2324,2859,1437,1474,1611,2383,2141,1306,1359,1535,2682,3212,2459,2443,2443,2069,1668,1584,2090,2577,1131,1384,3072,2087,2634,3076,3261,2401,2222,2788,1721,1383,1734,2316,1461,1288,2902,2145,3988,2064,2453,2080,1980,1747,2848,1397,2053,1435,1565,1238,3419,2215,1268
leucine,92469,72554,56248,57667,108664,56094,120888,63850,38764,48839,59836,67513,56671,113605,79057,53159,115485,65091,60517,75000,83009,86757,49645,79315,52847,66369,57621,73656,58209,70983,32462,65974,100874,68749,59387,62180,98517,100905,109695,47203,85154,71098,65422,46539,83512,89447,47334,52895,71234,73370,105623,34555,81478,55115,58038,69427,82394,70032,40396,78835,81290,78594,75674,42612,59339,69776,42087,100919,76668,74372,81087,89245,79126,46650,65702,83366,58016,73330,74645,51424,52226,65149
levoglucosan,84,261,489,89,463,717,790,1349,392,619,789,202,538,249,323,285,238,729,495,147,386,71,393,2052,800,183,757,367,642,277,449,2318,209,259,129,185,106,239,1042,1506,390,2126,2020,647,303,508,767,186,163,483,571,2444,506,133,78,555,456,238,1363,188,247,174,119,288,219,208,1862,510,202,128,329,282,130,108,451,272,192,495,491,632,1583,250
linoleic acid,72,345,1772,2135,606,1696,1219,1694,685,2153,340,1214,1780,1113,403,1607,508,129,1184,1387,566,1356,1606,1887,1863,698,778,393,124,2467,2775,344,845,807,1620,2368,671,199,524,405,964,1407,1270,1123,835,296,1355,1788,2535,520,337,1164,730,3189,1657,2535,670,875,1504,1576,266,247,1534,1743,259,1452,424,2347,1333,1692,1550,1653,1303,1253,754,1529,757,770,506,683,670,392
lysine,44402,49657,35563,28599,37461,35388,44081,39006,36210,27530,31817,26208,33708,43653,41885,17874,41357,42022,41564,46311,33681,39665,41153,17811,16599,46792,27839,39687,26744,38334,26305,34857,44049,47116,34204,28577,18046,45540,34953,26894,29509,50220,48007,32625,35596,61225,28531,22977,35388,35013,43356,30091,42708,44491,39131,34052,37569,44860,32496,37982,32125,46216,53366,20229,32998,36378,33650,52159,44030,35906,47877,44435,46494,30226,53480,50120,38819,58036,46024,43139,26966,27103
lyxitol,923,1107,856,647,1122,1254,436,988,1435,1228,725,659,807,1710,558,920,756,544,814,930,1599,853,583,5123,1478,599,809,1374,1011,1190,550,1985,914,920,1021,850,573,1639,942,987,2115,1297,1168,1385,620,952,1393,722,788,872,1052,855,778,535,1101,630,747,1370,2185,984,1439,1014,635,428,1236,930,794,660,881,1347,1052,1070,855,1095,933,1003,860,954,1041,1229,898,806
malic acid,230,187,185,154,230,229,169,148,228,276,218,257,158,174,179,186,185,159,190,371,229,196,215,212,463,115,262,126,164,121,139,202,117,96,190,242,296,181,190,354,111,136,125,127,195,169,148,178,162,210,259,166,111,140,214,89,63,252,219,104,123,150,150,77,201,145,180,122,154,200,103,178,145,161,131,108,244,118,137,260,175,166
maltose,98,110,255,138,188,177,327,70,93,554,123,158,97,68,481,906,95,42,113,130,136,193,85,157,199,196,143,93,344,1716,328,197,1746,56,76,242,159,229,282,201,153,141,137,281,112,153,78,116,175,195,178,70,244,62,61,37,101,55,144,171,71,86,54,76,64,169,115,53,89,44,40,81,60,81,100,61,153,94,139,95,54,187
maltotriose,28,71,103,61,133,134,135,60,43,304,73,67,33,45,96,138,78,60,51,106,53,86,46,44,89,97,69,90,80,160,66,128,86,33,64,99,79,144,172,79,57,95,95,73,53,63,47,45,100,93,68,86,100,60,89,55,50,83,79,37,33,80,55,47,27,105,58,48,83,43,61,32,59,32,54,63,68,61,52,78,43,47
mannitol,1267,14264,4314,724,990,2505,1077,1115,1208,2409,1035,640,943,4496,1321,2652,5969,1434,1191,1326,1785,1101,1031,9389,404,19525,865,1213,1316,1033,709,7352,1139,7499,5176,938,474,1541,2657,949,1457,1420,734,4642,913,1796,5147,2236,957,1411,893,1727,1120,971,1504,6152,1063,1153,1048,1106,3756,1324,1504,824,9886,2131,4054,1432,2263,7122,14731,15991,2195,881,1487,13841,3688,1552,1793,1173,1621,6019
mannose,8634,12774,7023,22664,8195,11862,5984,6664,29200,8650,13822,10975,16819,21573,13987,14653,11557,17746,14600,22255,8439,7456,12553,32277,2563,12305,17512,9447,16432,12168,15755,10205,7727,14317,24497,17218,24841,15122,10435,13983,23114,16658,16184,8088,11456,11907,9652,14728,19821,14318,13864,10812,13928,12580,8453,16984,12568,14885,28943,17081,14774,8746,14493,47620,13640,17921,7736,12625,18054,12475,8421,8638,17228,18544,12821,7897,15277,13307,14751,10834,8939,13621
methanolphosphate,256,133,367,227,236,267,224,341,423,387,205,307,278,224,112,238,344,271,142,279,155,347,740,303,280,206,244,265,111,130,229,187,121,340,361,426,367,426,215,364,255,293,255,375,267,236,585,383,473,427,310,350,469,301,212,267,387,196,221,135,209,263,170,555,431,352,245,300,235,174,203,217,179,147,157,307,188,244,172,391,622,546
methionine,3543,2491,2399,1960,5114,2305,4795,3323,2084,2652,2494,3097,2093,3448,3000,2093,3761,2230,2972,3418,2137,2722,2348,1509,961,3155,6222,3202,2367,3215,1179,2578,2921,2563,2378,2521,2351,2765,5023,4131,1608,3129,2618,2513,2962,3428,2179,2234,3027,2684,3354,2301,2645,2498,3983,2765,2766,2797,2387,2770,4639,2317,2827,1052,2759,2808,2336,4165,2947,2349,4715,4411,3259,2415,3134,4721,1942,3137,2338,2775,1662,2137
methionine sulfoxide,917,627,520,545,886,648,950,471,932,526,775,431,309,974,730,528,467,739,694,519,432,527,657,877,321,479,912,832,640,832,438,838,510,623,540,1475,661,1059,911,969,573,666,576,642,761,787,1156,1287,1768,1675,1270,606,577,832,728,776,806,1023,559,704,930,639,1031,3605,716,784,905,1095,712,740,1207,1149,661,551,751,974,500,977,672,1002,1001,2203
myo-inositol,5359,6021,4165,6533,11854,6355,4110,4611,14843,12704,5332,6639,5982,7543,5204,6973,7620,5634,3971,7128,9006,5611,4210,38442,9723,6381,4845,7266,12531,9318,3862,16370,7324,12176,10974,6256,11980,12696,7913,8571,4856,6981,6820,12923,5147,7583,13331,7710,6607,7777,9131,8886,6644,4698,6459,6200,6094,14574,9988,5146,11909,6479,6502,6154,8868,9854,5841,5361,10125,12164,6822,7245,9132,7238,6603,6484,5704,7115,7879,5485,8750,5369
myristic acid,4314,4296,13825,10477,6677,11040,9291,10514,3078,9815,4968,6108,11286,7573,4593,14252,4936,3294,8559,7585,8755,6422,7378,6701,8012,8906,7772,3994,5104,14798,17176,3788,7058,8301,7731,5541,2028,4988,3395,6236,4717,9185,8341,8607,6187,5789,7630,8485,9489,4887,3677,10075,9749,11085,10183,19066,6807,10879,8521,6175,6698,5108,10594,3906,3779,10272,5414,18244,6507,10160,8617,8279,8332,6648,4500,7813,5998,7450,3817,8455,11577,6247
N-acetyl-5-hydroxytryptamine,14340,24186,18569,22610,14795,15100,13158,30831,18539,15847,19127,27082,19826,17145,20051,24287,21499,13368,15154,21716,12779,18860,15797,13657,26699,21947,19876,18172,12025,15558,16811,12636,13163,19508,23969,21374,19349,11469,17011,18312,12956,17994,24157,40855,33482,15111,16261,22450,16303,13432,14177,27662,17790,26488,19233,18816,15406,21088,29765,16119,11347,17280,16041,16426,22802,33616,20224,16807,32703,16518,20155,14150,23513,46487,15551,19964,15800,21352,17234,18566,21874,16236
N-acetylglycine NIST,70,35,85,162,173,105,55,103,210,75,84,42,118,99,71,105,72,74,86,76,159,35,129,153,118,126,157,69,60,107,75,94,40,80,135,76,115,99,93,132,158,103,132,123,125,152,203,177,112,59,71,107,86,73,78,104,122,228,169,87,167,83,247,52,59,133,64,205,60,205,64,70,84,79,91,55,45,103,127,140,107,51
N-acetylornithine,1032,1563,2260,1131,3467,1030,1078,2133,1549,840,1575,1405,2752,2452,1647,1624,810,1912,2765,835,1762,1183,917,3736,1209,1946,1660,2332,2696,3462,646,1210,1930,992,1782,2601,847,2699,531,1407,690,1784,1772,1128,1112,4760,1166,677,677,5646,6466,1904,1730,3351,1578,1189,1585,1428,618,942,1650,1468,1035,3636,1645,1689,1864,1004,1775,1237,956,1013,1644,2995,1597,890,828,1648,3069,1751,1346,1565
naproxen,36,72,64,48,70,75,71,58,67,97,58,48,62,56,41,61,43,70,42,52,93,93,65,87,74,72,75,54,46,71,93,37,33,49,76,94,8213,57,58,81,78,57,102,77,67126,74,89,90,13907,74,70,81,69,85,6767,77,60,88,31684,38,36,125,87,72,56,70,23517,81,123,39,77,60,44,81,46,47,28,46,75,66,78,66
nicotinic acid,1929,550,303,294,1914,3038,1423,362,2240,1229,457,697,910,750,674,1163,1446,1215,991,879,831,536,596,2713,822,795,1214,1016,1418,1661,1576,3144,346,408,215,1129,952,2695,1564,3137,1916,2288,1287,289,188,812,1081,1419,1496,1431,2250,251,847,543,758,1330,537,2777,1464,3059,2080,795,1680,643,838,335,895,1158,777,1162,759,994,2377,587,317,397,771,626,1215,1228,1113,828
N-methylalanine,9576,5239,7139,17227,13572,8862,9245,6722,9874,5211,6609,11004,11352,7694,7303,4031,7070,7088,4892,8254,8558,10640,4774,9035,8421,12060,4045,7009,8261,9509,9071,9522,7192,10726,11613,10669,10120,9293,9533,7049,14446,11473,10778,7409,11270,7509,6866,11856,11150,6349,7760,11175,13760,9523,8099,10792,14413,6781,6041,14861,18224,4515,22985,10554,5856,16299,6360,27553,16720,10173,10124,10361,16259,8293,12570,10659,10897,12947,11974,6210,12718,6813
nornicotine,83,88,161,100,456,577,53,226,130,85,130,270,169,426,79,174,97,83,126,54,179,90,46,108,88,130,112,160,132,301,58,357,65,201,186,303,82,534,61,310,97,386,388,308,181,236,316,201,169,208,260,392,125,298,226,264,117,1222,271,216,473,327,230,124,625,346,121,129,253,296,185,169,341,193,189,148,138,171,185,203,92,145
octadecanol,103,135,84,95,115,108,77,94,110,106,137,91,85,156,84,181,138,97,91,92,136,82,119,76,60,93,103,90,64,120,104,114,57,77,195,113,89,80,97,157,117,128,167,97,80,151,165,106,144,85,146,144,91,90,79,168,109,126,204,144,82,125,123,97,122,127,88,330,375,192,67,126,194,92,102,90,79,82,119,154,107,135
oleic acid,207,465,5535,4687,1711,4202,1785,4822,1976,3563,495,1824,6716,3146,730,4499,772,342,2926,2313,2458,4260,3156,3998,6407,2224,1926,602,188,6797,8326,469,2471,1477,3339,4666,1657,461,958,472,3182,2882,2733,2090,2083,742,2206,4171,5625,782,724,1795,1733,5181,4291,7698,1672,3544,3245,2531,563,656,5316,2348,563,2715,600,10446,2701,4970,2867,3132,2644,3290,1840,2799,1406,1876,1085,1396,1317,705
ornithine,33158,32454,23443,17035,31724,33505,37371,17014,16125,24519,46389,21881,31006,41354,32057,23375,24357,17129,24936,38531,32015,31979,20905,9937,23452,30549,26343,33766,14650,34814,16487,19659,62381,25137,19924,15129,11156,18866,17276,40005,17410,23363,20391,29880,17948,27128,18995,16933,11623,12632,15372,13589,43451,30835,21328,17203,38157,40189,27352,18025,19766,35577,32475,13455,20395,30572,19534,29842,33751,26429,44059,37274,34544,24882,22416,46245,19149,23024,30442,21191,14175,11580
oxalic acid,20062,8220,5217,5692,20500,915,23030,8398,34415,22424,9534,12595,14140,8539,9557,18511,20134,24628,14325,13067,12806,9489,13731,28378,10527,10088,16115,15594,14420,24730,21532,28055,6179,6504,4430,22008,20013,31707,23712,47725,23804,25157,15924,5551,4117,13448,19881,29550,25841,22808,33106,3243,8336,10570,12880,19696,10059,40372,18117,35501,22370,13402,23040,10106,14678,4433,13620,14942,11491,14358,11487,18182,25300,12073,6567,6686,11483,9402,13848,24694,45776,15007
oxoproline,22056,27261,59265,46367,40110,48191,43117,151468,180566,166578,71176,77077,61275,65476,31733,34457,50827,39640,31307,29401,40734,161402,170803,176355,63433,62852,56407,50794,44911,44013,45701,54925,30912,137663,155985,248509,101987,155730,169898,208480,186133,36702,35593,65448,55394,29888,193931,192035,265070,172980,178992,62031,59673,56921,53976,48367,34661,49651,42548,34229,37125,24466,32013,113128,145478,62785,50566,56652,68909,64640,26445,31656,33291,33274,25929,24474,21552,29015,39120,36010,197540,152260
palmitic acid,10775,10124,22291,24382,13349,22256,14205,18816,15888,12340,14630,16921,23709,15483,13441,25773,14507,12748,17687,16486,13861,18528,25391,16757,19254,16149,20626,12584,11101,26362,24931,10848,13817,14599,21511,17477,11977,13181,7617,10646,12727,18429,17231,19681,15444,10600,19089,18640,22021,9842,10496,19645,15621,28131,19055,23177,14813,22241,24709,17284,12658,14015,22440,15407,9367,21866,12977,28051,18209,17637,16918,15718,18316,17022,14485,15583,13059,15426,10227,14985,15381,12067
palmitoleic acid,369,636,4477,6497,710,5627,922,4474,2194,4575,517,1766,8076,3008,597,2890,558,461,5849,1911,3802,5065,3107,1284,4811,2592,837,453,301,2827,9213,433,1631,799,2111,2807,1861,277,708,541,1835,2932,2569,2375,1164,590,2233,4439,3460,628,652,5467,1527,1989,5035,5233,1421,6763,2633,1415,801,545,7173,656,354,1266,282,8182,1362,3130,2517,2754,1333,2428,1317,2543,897,1474,840,1088,952,286
parabanic acid NIST,1226,517,289,503,1451,2062,1533,341,2684,1724,622,629,723,827,558,1221,1392,1625,869,825,690,541,637,2423,458,519,1023,930,957,1697,1710,2639,305,317,295,1291,1328,3065,1543,3205,2201,1919,970,413,249,808,806,1419,1171,1155,2810,302,496,637,683,1171,511,2633,1515,2453,2065,774,1354,369,948,306,856,888,991,908,785,1182,2188,716,321,375,620,477,1108,1906,3511,622
p-cresol,41163,58877,51163,70966,42729,51882,39779,45883,58858,48129,57955,51142,52688,48450,42100,67637,47203,58634,45441,46118,53189,47713,49967,38599,51891,51058,66938,34096,35452,51611,61097,43747,39403,51920,65139,54858,47205,38836,38892,60424,52604,53232,60201,67282,61696,56252,58948,57936,59220,49494,49440,61004,49748,72285,54417,57555,52782,57913,76571,49882,40782,56711,56326,42445,44722,71362,56084,52999,65997,47645,45613,41697,57653,64369,51120,48342,38779,49206,43320,62179,48501,49898
pelargonic acid,3298,2621,4059,8027,4065,4493,2638,2699,3849,5842,4783,4449,4907,6729,3204,2621,3190,3634,3337,8171,2397,3410,3310,3450,2594,4672,5771,2784,6131,17241,6650,5299,2333,2658,4279,3818,2318,3206,4426,4406,6124,3986,4927,4929,2937,4946,3284,4303,4144,3913,5541,5327,3812,3379,9456,7566,4681,4291,4920,4377,15094,3855,3860,3092,2028,4008,4458,3320,12570,2617,3089,6619,6035,3172,3035,3468,2592,3082,2643,7035,3874,3542
phenol,1310,1528,2058,1853,1190,1946,2026,1061,1107,2134,1480,2622,2096,525,2209,1645,1896,1255,1714,2370,2531,202,3250,1311,3804,1448,993,1393,1564,1402,1891,1068,1934,617,970,1302,3579,1138,1355,1102,2505,631,556,850,658,1607,879,1055,978,1704,593,1062,491,1272,2069,1277,608,742,852,1024,630,1789,1069,979,692,947,2299,648,806,772,1221,1262,880,684,868,1107,1878,910,1925,1072,1254,1054
phenylalanine,12552,12924,9682,11710,13357,12322,13584,10755,13432,11127,10447,12532,9811,12637,13633,11745,14890,10323,11504,14281,9227,10201,11073,9444,9188,10536,18575,11919,8184,10525,7169,12972,11650,13018,12943,10996,16889,13729,18363,17798,10085,10729,10685,11996,13511,16398,12038,10489,14816,15890,18154,7791,11365,10138,11367,10474,10720,14174,13096,10619,12364,10930,12339,8292,12312,10396,9010,10414,11133,11140,12591,13073,10312,11673,11501,12862,9689,12620,10840,12600,9564,17287
phenylethylamine,95,266,162,490,113,170,102,163,19,156,469,330,88,220,433,108,310,366,147,292,288,213,354,37,200,119,245,286,169,120,88,375,52,239,581,392,25,42,298,381,274,196,288,293,182,214,455,177,353,275,45,205,458,423,188,255,372,94,325,112,224,420,215,277,1127,314,191,391,253,208,95,146,171,514,144,227,139,109,193,287,342,630
phosphate,35856,42098,41771,38775,55245,58395,38088,45238,43424,30692,42760,42895,35372,48691,50860,58951,49891,56167,42550,52993,39704,49522,41761,37411,79594,39303,36107,49388,46885,41741,30928,42635,54927,41366,33750,39451,47474,42925,34797,25829,62781,46863,50207,41116,45367,39742,57867,33867,36752,43519,40077,42947,45367,37312,29626,51853,44202,47499,38237,38001,33733,62903,37480,49123,49015,45236,44637,44638,61424,41501,46157,50182,44857,40530,32960,47001,29559,36370,34514,51601,42648,36089
phosphoethanolamine,110,44,109,93,132,132,273,39,196,161,96,145,103,114,93,140,167,40,77,181,81,91,66,132,95,136,77,81,209,144,184,114,74,44,89,88,602,374,78,54,85,127,165,97,80,128,65,65,102,61,112,73,70,123,89,118,41,126,182,101,74,73,40,45,81,99,78,72,110,61,64,37,84,55,73,78,39,73,75,89,74,63
pipecolinic acid,586,392,419,217,150,142,210,149,468,226,695,744,895,280,558,623,391,590,348,240,444,554,769,126,163,270,287,1087,377,190,509,973,253,417,405,1871,226,158,293,322,251,153,140,301,424,300,250,115,145,156,352,479,195,253,258,731,206,10219,697,1307,734,415,380,83,327,307,1088,702,302,168,350,316,270,161,278,499,165,336,281,160,49,421
piperidone,84,67,71,64,38,68,226,38,247,52,140,79,45,50,48,49,59,125,73,41,97,139,46,217,54,62,184,45,50,56,53,40,119,61,57,36,66,47,64,1686,46,80,40,127,50,949,82,70,50,72,373,177,43,94,40,75,56,934,421,59,208,39,81,30,44,99,69,26,86,30,295,324,52,61,54,273,223,101,55,69,51,37
proline,124169,113966,87775,65156,60725,64569,49302,81088,30560,68458,162548,90397,84392,134056,102403,30716,57249,70381,83771,41157,79577,73844,45251,21956,43310,57045,84980,92625,113824,54546,49202,66886,102779,63891,67390,35447,21808,29010,52136,55524,39052,74285,93081,83985,171088,80364,52209,41813,48165,44885,37669,95149,84273,43170,103841,67772,83257,38524,56572,41344,70525,89636,52981,27375,123456,87623,64681,58185,88466,106074,68496,54832,56077,60810,85191,94779,83509,88254,82595,34592,36100,88652
propane-1_3-diol NIST,565,669,593,869,534,683,781,601,746,789,769,980,686,576,769,981,780,803,637,658,899,819,1267,562,1532,687,865,470,626,663,744,639,708,634,741,705,1462,531,581,908,607,665,741,774,565,774,688,658,767,718,726,653,479,789,594,767,643,624,863,554,544,812,760,565,439,828,750,635,734,571,625,607,724,750,624,524,623,432,709,933,828,637
pseudo uridine,525,1178,598,926,1109,1464,482,813,1670,1262,743,1085,769,1652,535,987,757,791,843,890,1160,671,741,5351,1084,737,626,639,1762,976,646,2111,616,952,1298,808,942,1327,763,1127,3276,1296,1251,1017,550,777,1396,1120,1221,973,855,1005,748,763,697,618,728,1366,2364,707,1188,768,813,920,1296,789,846,603,893,1263,670,655,785,1427,980,612,883,1004,1342,902,930,938
pyrophosphate,2769,2406,6129,1891,4951,7750,11909,450,1418,8691,3445,7049,2850,2948,6063,9147,9821,2413,4038,3892,5792,6896,5405,1326,7804,11324,3750,2874,4775,3237,9970,6074,4070,957,2270,4085,11476,5018,5662,2874,2918,2622,2888,3711,3122,4456,1339,1449,4267,3166,4074,1472,697,1332,1921,1173,2657,1521,2133,1538,1971,1239,1668,361,1112,1270,3883,762,859,1283,3115,892,1176,3210,1434,1499,1339,892,2912,1688,998,895
pyrrole-2-carboxylic acid,416,97,50,107,353,473,271,78,438,379,157,118,156,206,338,148,252,278,408,111,141,86,118,322,65,75,212,200,343,1206,223,414,232,88,77,337,226,663,349,696,286,341,246,68,109,250,246,304,229,244,540,79,99,99,177,207,143,460,245,451,488,199,232,122,387,110,144,183,149,321,231,295,437,89,75,117,205,162,242,284,526,233
pyruvic acid,10789,6206,4167,2180,4583,12514,13275,5931,5454,10245,651,5562,3556,164,1757,16589,3971,11118,5556,5171,8789,14169,9582,394,11356,2320,2688,4666,7709,11537,13976,10715,10877,2734,271,631,15237,4234,7452,4771,3603,3534,1097,1840,453,4282,125,173,107,239,6867,1259,289,310,3683,726,431,4102,1939,10118,6832,5399,5693,1037,2576,506,1329,649,1873,1282,6246,4458,8821,5672,4515,4337,12559,4487,2807,3469,4543,546
quinic acid,127,77,470,63,2687,1370,36,139,337,71,91,622,76,1208,380,1645,90,216,852,412,648,509,219,527,48,489,119,130,27,855,65,1615,353,640,944,420,283,1525,66,493,70,1079,955,1211,546,1386,1165,911,378,1422,1701,1968,160,1335,1036,2062,139,1810,623,236,431,2701,571,1409,5523,936,298,233,915,98,272,297,816,102,538,274,446,575,130,909,59,763
ribose,97,187,116,181,120,132,104,118,237,149,130,149,163,163,107,160,147,202,143,127,84,86,110,1236,104,124,225,140,116,159,127,151,51,154,157,176,234,50,139,123,294,119,73,224,193,146,183,124,178,137,138,169,178,110,116,105,143,202,276,119,121,126,144,188,151,136,140,106,205,122,136,86,142,161,131,113,121,147,122,129,63,148
salicylaldehyde,160,384,191,249,204,226,192,156,227,537,159,298,206,266,105,252,160,304,169,340,319,132,155,211,266,155,249,266,224,382,408,275,253,160,205,199,193,234,551,572,439,178,504,290,204,402,253,226,230,245,287,229,179,126,301,221,189,328,245,436,198,160,188,131,144,279,267,202,408,249,176,312,461,536,248,248,138,155,345,338,281,173
salicylic acid,68,209,1279,87,108,103,8793,112,235,102,125,234,99,157,439,319,146,68,6537,238,178,90,88,87,92,113,75,109,1013,62,41,317,46462,4953,4338,85,59,59,49,20051,91,230,183,1603,399,63,1535,136,47,65,117,144,100,145,4294,781,73,577,98,87,50,64,76,658,1061,145,677,274,99,3151,285,301,101,833,761,275,6021,709,75,85,2445,6616
serine,7392,5719,5028,9764,9031,6703,8519,7392,5847,8992,9894,12851,8867,10168,7655,8142,6452,9102,7081,8782,5839,9549,6966,6370,6279,7706,10469,11422,10151,9696,7481,6963,7676,4791,7400,8933,6491,8843,10577,11193,9147,12440,10980,10488,9623,8024,9817,12588,10005,6189,8372,9348,10321,10231,7242,6969,11023,13040,7010,9198,11264,6098,9579,4047,6288,9094,7612,11899,9431,9177,7491,7616,10638,10083,5592,7925,7757,5785,7749,7041,6123,5717
shikimic acid,414,453,64,326,219,311,132,78,136,173,167,240,429,576,281,518,392,924,105,507,317,93,211,346,51,80,257,287,441,217,337,291,234,298,304,52,304,228,124,375,347,495,288,193,217,477,61,45,52,62,596,248,199,287,242,482,377,186,852,440,105,188,223,80,830,555,72,282,387,218,310,399,277,794,156,263,418,573,997,885,69,87
stearic acid,85957,66836,119546,161987,94444,105139,89791,97406,100931,51530,103806,88646,126171,84139,104294,172532,113937,93085,108225,87997,70591,90447,215424,96340,111840,97668,89208,88605,87416,133543,121587,74896,87842,90288,165029,98853,62713,98824,39950,73264,66172,113927,105086,125990,94725,67297,120563,93708,97208,61718,64086,114748,94295,186165,80540,102253,98953,144121,193185,105102,103362,90769,121625,92686,54855,140217,87367,132652,100043,88004,100772,78222,113976,112078,90216,86218,72411,84100,62268,98997,93647,78548
sucrose,82,273,137,83,91,224,71,86,214,261,87,133,73,124,64,466,124,14,51,58,149,54,287,290,111,40,385,107,532,125,311,575,63,86,52,41,60,116,91,519,170,76,119,191,101,36,50,21,62,60,96,258,44,106,40,33,33,214,354,80,52,57,48,89,241,59,177,51,88,61,86,183,151,283,360,73,23,313,124,379,143,459
tartaric acid,82,35,60,77,30,41,42,46,76,42,195,77,76,73,39,52,186,120,168,72,76,54,47,67,123,37,57,462,42,259,86,48,106,98,78,45,84,67,61,95,71,32,49,483,104,57,551,61,85,54,64,48,49,41,68,76,49,201,137,32,57,76,50,17,55,94,82,51,82,39,150,137,44,358,56,110,34,48,42,43,27,36
taurine,2160,1446,2678,3198,1737,2007,4301,731,234,4700,2708,3351,1516,1973,4079,1557,4901,825,2668,1712,2624,5254,4748,169,3605,5341,1213,1754,2124,1005,3219,1503,2215,722,2372,1271,1885,522,2508,702,1549,2362,1961,1485,2956,1318,981,385,1467,925,661,1030,980,609,900,613,808,487,1964,617,679,1322,1223,333,529,736,829,344,748,931,502,385,702,889,859,760,914,1176,1351,963,326,867
threitol,336,192,158,207,407,250,155,156,400,806,348,176,125,375,225,196,188,237,206,207,334,80,77,1324,370,126,208,188,319,226,107,790,188,275,265,91,218,356,324,318,576,298,278,424,504,182,540,165,234,225,291,214,295,186,165,32,281,256,396,167,262,270,163,156,560,243,258,166,252,495,200,193,209,183,201,170,224,198,306,268,344,352
threonic acid,778,566,871,783,283,203,525,1776,2539,1342,1455,319,2149,445,1952,1779,1139,1757,1299,703,496,462,1335,514,2235,2530,1851,2514,101,1112,1036,722,588,1403,1503,2518,996,724,1326,1754,2284,750,962,3311,2469,1227,2789,536,1229,2077,2038,2032,2205,1179,735,3611,2306,2115,1573,315,976,1450,832,288,670,2940,384,1610,3768,2282,2998,3155,1229,415,1694,2821,224,1867,214,947,2220,546
threonine,13505,12687,10976,12727,16981,19688,15285,12364,12096,11908,19752,13668,15270,21438,11903,8717,14380,16812,11785,11684,19169,15687,11923,9512,8915,14585,14416,23268,11326,19820,9379,13493,14078,16452,10016,13218,9901,16807,17696,16596,10276,20426,20058,13113,19151,16629,14241,22100,21540,17308,17418,11390,17588,15260,13131,13359,16705,20102,10260,13093,17458,14869,17559,8398,11986,20586,4865,24641,21879,14332,17238,18460,20094,14339,15459,16885,10789,15913,17847,11225,19530,17600
tocopherol alpha-,2429,1882,4433,2042,1980,2075,2117,2448,2632,1793,2421,2518,3705,1839,3313,2799,5317,3405,4402,2456,1099,1808,5078,2215,4662,3613,3339,3210,1293,2021,2182,2100,2440,2553,5904,2416,2995,2230,1096,1658,2756,1691,1870,4528,3287,2455,4252,3036,3575,2537,1788,3585,5574,2409,2186,4123,5639,2230,5025,2479,2181,3769,2133,3874,1518,2706,2551,2909,2516,2011,4074,3606,1874,2234,7874,4512,2921,7854,2151,3054,2920,2438
tocopherol gamma-,303,681,667,447,508,281,415,482,218,180,1115,703,960,865,214,590,171,323,366,350,305,331,259,798,243,183,481,80,476,433,967,418,658,228,419,247,258,139,352,519,174,523,570,226,165,311,194,1323,594,301,259,551,341,620,1019,304,358,394,705,995,173,296,333,1376,146,784,876,358,730,276,238,228,598,483,283,291,869,284,411,482,388,1009
trans-4-hydroxyproline,2248,2926,2862,3036,4357,2574,2398,6606,7697,7348,3597,3285,3644,12579,2690,2272,2785,2217,1819,2464,3891,7954,7444,7336,2864,2643,4373,3221,2488,2532,1979,2753,6934,6541,6840,10056,4300,6406,7220,9144,7725,2129,2129,3359,2275,3283,8907,8655,11369,7617,7801,3584,3089,2799,7437,3059,2554,2690,3796,1642,2801,1588,2387,5317,5918,3252,3384,2616,3446,3328,2558,2425,2117,2780,3099,2713,1497,3199,3343,1472,8704,6526
tryptophan,27450,17898,29503,16501,24023,11358,23779,37096,21206,14108,21860,23945,27310,22251,26834,33528,28620,22954,33772,22232,24990,24112,21039,9793,14106,27312,24651,32049,5518,20815,13724,11308,22680,23942,29168,21451,9705,15413,26378,23924,12947,24752,26621,29672,17532,36613,25641,19262,19951,27539,27006,33225,33845,36901,26403,26038,30954,29246,21655,24264,21344,29311,32881,18398,23423,31308,13663,27472,31079,21619,26385,25629,27492,18712,29618,28804,19556,30518,23731,30277,14930,17881
tyrosine,52403,37179,30670,27573,30096,24279,42410,32206,32010,31693,40443,30671,25664,28146,29475,28530,44105,37055,50221,34745,21558,25454,24550,15361,16593,28490,64012,43736,24151,33850,30746,30483,46254,31054,31529,21503,25479,35543,47865,44603,19488,35775,35167,35927,46942,56418,32781,27662,42348,45920,49259,24751,32118,41767,41775,47057,29428,38511,45811,32271,26748,30191,40669,18431,27400,34164,26965,40091,34897,31608,44509,45476,33381,28608,34867,45045,26279,36411,26506,35764,18921,28443
UDP-glucuronic acid,73,157,211,71,222,272,173,733,130,73,171,42,224,62,139,147,80,89,84,67,85,60,125,549,175,67,191,120,301,70,76,719,81,149,84,57,82,104,328,400,108,1706,1620,201,115,106,170,58,95,139,163,632,151,80,43,249,108,51,300,71,82,49,85,69,183,113,808,204,71,48,95,104,99,79,37,84,65,114,110,158,2176,57
urea,255067,180080,138861,183633,255081,165822,232346,193982,220235,379371,102759,131356,181807,299623,168565,174733,153583,165903,334682,225012,378456,32843,111142,310644,275298,210727,150651,243417,212734,168046,264489,389876,331714,374495,172414,218318,243273,237759,276441,156282,374524,178841,201947,231658,136964,183093,313723,263993,24690,208019,169328,178667,214086,187249,102494,211377,253739,159573,216946,237534,443919,242522,168852,236767,378203,36551,243688,197121,80479,296035,245131,268418,216163,193798,247981,196581,274038,226793,365044,327943,323303,190031
uric acid,10057,8386,15822,14024,23154,5952,10886,20567,20535,10885,17021,28917,15905,18798,9154,9897,9290,14648,14474,10487,11681,18131,5368,9635,22514,14064,13053,11352,12294,4296,5428,19038,14572,22569,23717,15411,14155,34518,9334,26817,28433,25132,24533,18047,7671,10726,29646,26928,35480,19115,11850,35849,13640,20626,23491,11453,12844,20453,27458,15664,27675,16599,18163,20159,23532,20772,25199,17040,21142,15403,9109,10563,21610,22714,16082,9115,10913,17880,29018,19736,17479,32421
uridine,63,118,119,102,58,117,81,135,148,66,63,67,60,45,59,56,69,102,122,75,125,89,98,109,88,54,118,104,42,117,54,78,46,70,128,119,97,48,38,108,54,125,62,91,121,110,147,71,93,47,82,119,77,94,104,55,13,82,93,77,36,168,76,94,146,53,80,83,181,73,48,72,125,83,42,40,69,57,61,76,108,79
valine,157332,103083,92045,97349,159671,83353,138467,102321,77151,81188,106450,107664,99037,133456,106179,85774,161355,116748,92588,106076,113893,145548,83958,91345,70581,105801,98032,99444,57512,109354,69310,107420,142097,125257,81844,105842,127199,141007,160151,99287,133656,124783,116213,80194,133120,137540,75163,102173,122345,116283,151622,64642,132732,94790,105722,136439,137495,108752,59303,131882,128089,145926,129270,84903,100940,124888,97817,125992,127713,116526,127809,131628,127857,81720,106797,135930,99813,114920,127248,78152,96830,122408
xylitol,154,324,253,223,189,324,615,1252,322,214,579,180,197,209,103,302,154,486,216,184,221,212,170,183,567,193,498,162,439,174,273,2133,187,161,163,193,174,261,151,305,158,1493,1472,177,168,366,591,177,164,365,206,208,351,140,256,275,348,260,872,160,170,224,147,192,185,212,1640,143,208,241,213,180,178,260,224,176,162,252,359,453,1450,225
xylose,1380,929,610,746,2022,802,727,627,2375,1803,661,789,744,1197,611,733,1194,1801,633,788,193,516,776,2775,1302,654,945,1094,1149,1477,820,962,696,1135,1121,943,991,1340,1658,1143,1525,967,941,994,2036,788,1648,771,1026,909,1016,653,644,666,808,652,703,1191,1272,1103,1589,1344,1143,702,2729,682,723,578,788,1812,654,737,789,786,534,578,686,856,1003,1279,1045,2585
